{
  "urls": "axway-appc-se-check.sandbox.ampint.axwaytest.net,axway-appc-se-design.sandbox.ampint.axwaytest.net,axway-appc-se-live.sandbox.ampint.axwaytest.net",
  "domains": "cx52-c,cx52-d,cx52-l",
  "projects": [
    {
      "projectId": "0f6730ac-cefa-4df7-a2b1-2267dd6226c4",
      "projectName": "LB_Gateway",
      "projectVersion": "EMPTY"
    },
    {
      "projectId": "06fea5e0-9b4b-4bb0-83ec-a242ce82a2b6",
      "projectName": "LB_APIFirstService_StockQuoteFH",
      "projectVersion": "EMPTY"
    }
  ]
}